<?xml version="1.0" encoding="UTF-8"?>
<metadata xml:lang="en"><Esri><CreaDate>20180611</CreaDate><CreaTime>18083000</CreaTime><ArcGISFormat>1.0</ArcGISFormat><ArcGISstyle>North American Profile of ISO19115 2003</ArcGISstyle><SyncOnce>TRUE</SyncOnce><DataProperties><lineage><Process ToolSource="c:\program files (x86)\arcgis\desktop10.2\ArcToolbox\Toolboxes\Analysis Tools.tbx\TableSelect" Date="20180611" Time="180830">TableSelect M:\GIS\ArcGIS_Team_Files\zz_connections\ARCSDE@DCP@SDE.sde\sde.dcp.PLUTO_not_in_nytls C:\NDPS\MyFiles\Mappluto_18V1\MapPLUTO\cds\Bronx\bx_pluto.dbf ""BoroCode" =2"</Process></lineage></DataProperties></Esri></metadata>
